"Timestamp","  How easy was it to navigate through the website?  ","How fast did the website load on your device? ","Did the search bar help you find the role you were looking for?","How visually appealing was the Hot Beans Website","Were the images on the website appealing
","  Did all buttons and links work as expected?  "," Were there any technical issues you encountered?  ","How would you rate the overall functionality of the website?","Any suggestions to improve the website’s functionality?
(Optional open response)"
"2025/05/13 12:55:46 pm CET","Good","Fast","Yes","Good","Good","Yes","no","Excellent","no"
"2025/05/13 11:06:47 pm CET","Good","Fast","Idk","Good","Good","Yes","No","Excellent",""
"2025/05/22 11:34:58 pm CET","Good","Fast","Yes","Good","Good","Yes"," None","Excellent",""
"2025/05/22 11:38:39 pm CET","Good","Fast","Yes","Good","Good","Yes","No","Excellent","No"